Title,Company,Link,Location
"Senior Software Engineer - .Net, Angular, Azure
Senior Software Engineer - .Net, Angular, Azure",TIQRI,https://www.linkedin.com/jobs/view/4154050417/?eBP=CwEAAAGWNIA3AIP1ihPeQR9U5K4v5nwPIeFfzl6-fAxoRQvkaIJgC8lE3NLEgwDHE_J-RecMQ51MWmfWEj6wTxIl7-LtgZLwaodPNZRi2zZ4hUvZbdbmBYsiR_cbwoRKB5974wCiFuBCw6-KDCAZ0Spyfh2ujzCx0Zx9IA1duOADLg-CekanLBkliN1_Fp-TwuSH0U6wmYBZoENu1tOPrYRqNwZQi821nHnvDTsWi2KM8a8gT8V_5kdzN0WLeA-zceXqWYlUzcT4WNLnB7mTuG6GffYDdEWORpehrHADWvtwZHorqngqqyTdn7IFMHcAt6cih-Dl-0AH_XuRZNAIb9chZhkBSFdAvZWOMT3uN2p2_3_-7_Bi3k3LFu--3OhxXvQXNOKBz58JOtlmVqpeO3dnuVhtsgO7aL6unVaG05YD7Nf2Y5qoOqE4sHzu-nNJC_UK748SfgDl_Abi6unexfWahtmmJhOfXEpQEyUn86drYU0ngMQ-_nRCDpgG4TT-tDLgK4BpE7pWEWoK7-Y2qf2e1e_O2QxcvPK3CmCBqg&refId=H%2B7MVP%2BP4DiZ45ygqGDJbg%3D%3D&trackingId=%2F62OD8nUuP%2FgeFUi3bzggw%3D%3D&trk=flagship3_search_srp_jobs,"Colombo, Western Province, Sri Lanka (Hybrid)"
"Senior Infrastructure & DevOps Engineer - REF1043
Senior Infrastructure & DevOps Engineer - REF1043 with verification",Creative Software,https://www.linkedin.com/jobs/view/4204580848/?eBP=CwEAAAGWNIA3AEqJK9TEjTNihj1x1qY3L3GM5xOVi6U1tUq8SZrpawMie_tL0-VHx8xeUyXUrd9tLUyQup-Vyl40X6qCQvFMlp_HubgVI3yIGtkGdYd_1vjiJKdkJqRQGeQb52Jf860N_qqUTj4zJxC1PPr0GtIFzWQshA36_G15KrnEycI0khekoce-qU_T-t-2VX7QohrPdF9pD7fFmcJToovk6SB8AbDQDkDxo8ucILHRDgVuPFqzZzbu-47Y5YAnZMvHbq8FtIgouuhPWZhvALp7YYis_l4iZjQXKJEsg_gRXTq6E0FwcXzEVb2DkJ7PadVdD4qfFOknocu9m4BxEyIGIRrJQcX1UOc9PaOkRGty3PEIO2hh4CmSpdm-ly5MlSKf3xilpvsqotH7Koc3PH5SbDBHz-BT2I4XMoQOh9mnqoHiqeQivyPEVAg2Zq8lfi3qkXKCfdb4w5dZv0-0QrcePPc0fpbd4XCezBDqZEmFuGwKM6IYI206UiBCvn--I_IlEQ2ntLo&refId=H%2B7MVP%2BP4DiZ45ygqGDJbg%3D%3D&trackingId=2OGVx665q7qKtb%2FrGQZmOw%3D%3D&trk=flagship3_search_srp_jobs,"Colombo, Western Province, Sri Lanka (Hybrid)"
"Senior Java/GoLang Developer
Senior Java/GoLang Developer with verification",iVedha Inc.,https://www.linkedin.com/jobs/view/4162701526/?eBP=CwEAAAGWNIA3ANFFThu1sttKUh9D5yFPnO4HvuOl33OwhLVZhxLuHIM1zKXKdTil3qDNTUx0tHDRSUagLuS62WEU3dYPkKPW5jII__e-jJMYk7xJLlUfjLTvg1OvjseYLK3BJ46N7RDPU4-FliHNULvzGnfseWiZ1y42UQvXxiVVkoXbCuWthzZDxnVxlJokvEuQ8xrptdSHzSUAWGpWuwMyXHWfvNR1wgQjna6v1pb3Pd-olKfoO7zSw6awl5x4OvpPrSA9Nslb3IMcEoz8bT8FeL4nmOHclg9NiwVPD7Z22ozUnmrN8bLL6izlhX9ZldBkOe1U3UE8nCY_71V7UeB_fnTheMpGRd7uEeUprPlAkvmsYOifVf6DY-K_agXsI-RwM6be_V57CBgGoWdw1qF8KH6z-cwRYY_1leHwFGJU3y65bEoXaBLbDNJut8NH_AXUgf0yT1eG1n1CN0bjG94&refId=H%2B7MVP%2BP4DiZ45ygqGDJbg%3D%3D&trackingId=OZtwbppHMcasf1NoCQr9bg%3D%3D&trk=flagship3_search_srp_jobs,Sri Lanka (Remote)
"Senior Java Software Engineer
Senior Java Software Engineer with verification",Mitra AI,https://www.linkedin.com/jobs/view/4205178818/?eBP=CwEAAAGWNIA3ABpiBTRdtqerB0AjTGGy7mBU6awPGROZ6m46JQL43iN4gO9KuIZuBcHeCOjlZi5YiVz88CVrZtvwt5foLaHhvDoeJXbTe4ys4WbL45sQHH6ifMlq3ZU21Jj1vS9c1zKADExeC4xouWEyeLGe_aXdEVjiMxOT8hKUlX6zuRrHKswzmg_ONIquDZV8C2DOgFnHso3yVw9BbjEMRtIuPoLOIUHgHehFnjmMvU58XTpqyY4baPBv6K_VtavL8-M0LFS0BtnTg62AnyNc6RTw_DbfrwdS6F7iw4Tt4JR96p9Dq4pPpiyMoRVpRJB_CNFuV3T2YSwoxwcrmgoiZLNKUqoixycZdSWWRAd8xhzfhQW2j-IyQT9piActAtobbqpZXM1nfwBwE36r-odeEgXfOtaO-HFPCEk4RYsWuaj-eukHZ3ZYgFe_JhOrFRRUoGwCNDdv_ftCXfwpdtiKTh4qfJ-4V7jhkXKiYJyT3TjNsbF8gSEkcyQ7vRF2Uk0QXk7Xe3u7SGCGWJZj&refId=H%2B7MVP%2BP4DiZ45ygqGDJbg%3D%3D&trackingId=gAf3uwJcQz4t2mPlqXGp%2Fw%3D%3D&trk=flagship3_search_srp_jobs,"Moratuwa, Western Province, Sri Lanka (Hybrid)"
"Senior/Lead/Principal Software Engineer (Java) (R&D Aerospace & Defense)
Senior/Lead/Principal Software Engineer (Java) (R&D Aerospace & Defense)",IFS,https://www.linkedin.com/jobs/view/4202526456/?eBP=CwEAAAGWNIA3AYdB1vfKH-fF26IQn98WzahWcS0WjCYEwmxpEP8EgFEK_QMHHfJjJvunVw_S4fi1Esg3eRQo3n8yD8L1uQ8-IRmI07dx30RgWV1dyUiUNeH2LaNXwFgfSVgSoFXglQCl1-6UsVWFGGzOOLQp1a4HGjQZ1hkgbixo6imDThAhL7RelQsMPohSZfW3Ems5M48gFwq4PrkWLlh-yGY6aOkeGPTKjlW3K602X9sq_hd778hbmoVpX2zG7AFXEO8u-RVx4-HsGEfHaEHZG0agZJA80WSa4mu-2UO39Rn-6KICJWXLsmINge1de_Tg60XK3w8ZZOIfHZK4YiITBeAzKxNepSsV3nAf90Pev3wqvMOwBNgYjYinG16L06btDeOuK-zpb6xznMNFwgxhO-qGvIUaZcic0YIlnoZrhYWrUaECNhOl4HdF2vNPknkBfsLHj2HQYCfOKnSHAMdU46ZeK5IZGDY90ni5LpnRMgENdMQVXPnX_J11MGOMqelYlj9nwKd5xI35Xg&refId=H%2B7MVP%2BP4DiZ45ygqGDJbg%3D%3D&trackingId=kKGsxeDd2sZoFSSwqkNTaw%3D%3D&trk=flagship3_search_srp_jobs,"Colombo, Western Province, Sri Lanka (On-site)"
"Senior Engineer, PEGA
Senior Engineer, PEGA with verification",Nagarro,https://www.linkedin.com/jobs/view/4198745225/?eBP=CwEAAAGWNIA3AWIZZXqjVO1yC4brQ5xP5zZfgr19O08z-v09JQiCT5vgBcYwAj9CjWFfatY0WKzbf0z5Tygnpsn0dvGB607DgRcrRh2Qiy2ujcqzY0W-ZM2DlX1uJ9RofoCJDzE5OEqS_sy9_IIfRwzBpgC0jO0XHdYg11-M0rmsyEfRwZGDH7M1PVBOmkhxyZUO6LIOyR7aw3y3yCqEjfmhro-XEhFH90x4TOxAq5q3U_z5MQoB5qGz-k0sXHze-2O15e4D-kxcQc6K5xaBNNF8zD0c7zszqQb1ZrIVwBOdBV4NBDTZcR2tolnCl7WEC_w0OchvS0vrsxmLMDLi8hB25FlCOeFoi-vShSzvnpMAndj_CAPnFMIsE5pytxcf86dq4zIIyJhktNFkS1RYKfDzB9OjFKj2yNGrc5isIuoYZbwR-0jenr_t_ieTalSV6QwLQ8mLMXIgMvrvTE-N25QnZNvJCKACRo6E6eEbLZYDHm_kggCOyAGIMUin_f1-DBBpRXk3I_tM6XWTeC1F&refId=H%2B7MVP%2BP4DiZ45ygqGDJbg%3D%3D&trackingId=L5%2F9R5w8v%2B0QVL4lPbdWBw%3D%3D&trk=flagship3_search_srp_jobs,Sri Lanka (Remote)
"Principal Software Engineer - C#, .NET
Principal Software Engineer - C#, .NET with verification",Acumatica,https://www.linkedin.com/jobs/view/4198068236/?eBP=CwEAAAGWNIA3AckLpyWKUxihOPZqL9So7OrKZjDTzOT0wpVLpYG9DAqHSoDzosM8HTOHLZDQuxZFxGOAEEZztNKn_LxuLerE9BzMrOHXV81iao5VmTHWI1dbg_ugfhgrD8fbsyXyRdi19BMNmq7nPuXs9ldGFsqEj9pT1oomp0j02qAbqsedVAtZ9VlsHYuBE0DKR2p_ORQ0UBqx_BuBeh5mWZ-4J7Cjt2C-fplMkxEQovM9DCkPMHKwbJ3mQ1YP-D6yADOtAavvoIfR6K2JJeeQPFT_2bLazj__jywnCCMyxzogiXVf74GMna26cibwDdJwxiXND2W4i6N3G04_vfXm81CMmaswAYmPzhfh_Jxd2tu3iBdphk_0BTQ36jgwknCzTl6AtY9EElGc7NFxDl-xIlA-9X0C-i5rCmcD12gotj71ggVvP5eHV2UPcGT0xnrXcneAi-kjYdXCtWB7PLImlKmVD1YYs6yvKmyZfB5yQLUlv7LjXyBkNp-aBWQtNgRnoQpajJu6bz4&refId=H%2B7MVP%2BP4DiZ45ygqGDJbg%3D%3D&trackingId=Dt5Wddi6gwngpGEzKbaiPw%3D%3D&trk=flagship3_search_srp_jobs,"Colombo, Western Province, Sri Lanka (Hybrid)"
